<?xml version="1.0" encoding="utf-8"?>
<extension
        type="module"
        version="3.8"
        method="upgrade"
        client="administrator">
    <name>Latest Extensions</name>
    <creationDate>April 2013</creationDate>
    <author>Hassan Abas</author>
    <authorEmail>hassapasha@yahoo.com</authorEmail>
    <authorUrl>hassapasha@yahoo.com</authorUrl>
    <copyright>Copyright (C) 2018 Hassan Abas. All rights reserved.</copyright>
    <license>GNU GPL</license>
    <version>1.0.0</version>
    <description>Displays the most recently installed extensions.</description>
    <files>
        <filename module="mod_latestextensions">mod_latestextensions.php</filename>
        <filename>helper.php</filename>
        <filename>index.html</filename>
        <folder>tmpl</folder>
    </files>
    <config>
        <fields name="params">
            <fieldset name="basic">
                <field name="count" type="text" default="5" label="Count"
                       description="The number of items to display (default is 5)" />
            </fieldset>
            <fieldset name="advanced">
                <field
                        name="moduleclass_sfx"
                        type="text"
                        label="COM_MODULES_FIELD_MODULECLASS_SFX_LABEL"
                        description="COM_MODULES_FIELD_MODULECLASS_SFX_DESC" />
            </fieldset>
        </fields>
    </config>
</extension>